Filename,Transcription,Seed_Phrase,seed1,seed2,seed3,seed4,seed5,seed6,seed7,seed8,seed9,Context,Intent,WEM number,Thinking,Count
330331555.WEM,Units Received,Payment has been received and deposited.,You received payment and it is deposited in your account.,You could have received more money from that transaction.,A large deposit was made to your bank account. ,Your bank account total has increased.,You have secured additional funds for your account.,Cash reserves have been slightly amplified.,Funds have been added to your account and are ready to be used.,,,Monetary transaction,Money has been received.,330331555,,126
980411923.WEM,Product Received,An new item has been added to your existing inventory.,,,,,,,,,,Inventory,A product or item has been delivered and added to your inventory.,980411923,,30
774834164.WEM,Weather Update: Storm Clearing,The storm is over and weather conditions are stabilizing.,The storm is over and weather conditions are stabilizing.,Weather conditions have improved. Acid rain is no longer eating your suit.,Weather conditions have improved. Mother nature has stopped trying to attack you for now.,Weather conditions have improved. That was quite an invigorating experience!,Weather conditions have improved. Next time there is a storm you should seek shelter.,Weather conditions have improved. You can put your umbrella away now.,,,,Environmental Status,A storm has passed. Weather conditions are returning to normal.,774834164,Yes,18
105331281.WEM,Component Repaired,You have repaired a damaged equipment component with great skill.,You have repaired a damaged equipment component with great skill.,"You fixed that component, well done. ",Getting that skill in Gadgetry really paid off.,How did you even see those nanowire connections without a microscope?,Bubblegum and duct tape will fix anything.,"If it doesnt move and it should, use a hammer.","If it moves and it should not, use duct tape.",,,Equipment Status,A damaged equipment component has been successfully repaired.,105331281,Yes,21
245522736.WEM,Enemy Missile Inbound,A missile has been launched by hostile forces toward a civilian freighter you are protecting.,,,,,,,,,,Freighter Combat,A missile has been fired at a civilian freighter you are defending.,245522736,,7
247183138.WEM,Thermal Protection Falling,Protection against extreme thermal variations is rapidly failing.,Protection against extreme thermal variations is rapidly failing.,Your spacesuit disagrees with your idea of what is comfortable.,Your thermal insulation no longer works.,It's getting way too unpleasant.,Environmental danger is rising.,,,,,Personal Protection,"Your environmental temperature shielding is failing, ability to protect against all temperature extremes is compromised.",247183138,Yes,15
1032826641.WEM,Weather Warning: Incoming Storm,Unpleasant weather is on it's way.,Unpleasant weather is on its way.,The sky appears to be angry with you. ANgry weather is approaching.,Atmospheric conditions are about to significantly worsen.,This weather wants to hurt you tody.	,Mother Nature is preparing to throw a tantrum.,You’re about to get hammered by Mother Nature.,,,,Environmental Status,A storm front will arrive at your location very soon. ,1032826641,Yes,10
792296351.WEM,Technology Recharged,A technology module has been recharged.,A technology module has been recharged.,Your technology is powered back up.,Energy has been restored.,The disabled module is now reactivated and ready for use.,Power levels have been restored to the component.,,,,,Equipment Status,"One of your tech modules has been provided with additional power, and is functioning normally.",792296351,,34
656990144.WEM,Extreme Sentinel Planet,"This planet is inhabited by hostile Sentinel forces, trespassing will likely result in combat.","This planet is inhabited by hostile Sentinel forces, trespassing will likely result in combat.",You do not appear to be welcome here.,Sentinels are everywhere!,Prepare for trouble if you are seen.,This place is crawling with surveillance and overreaction.,Stealth won’t help you here.,Any intrusion or detection will likely provoke aggressive combat response.,,,Environmental Status,You’ve landed on a planet patrolled by hostile Sentinels. ,656990144,Yes,6
780959188.WEM,Inventory Full,Your inventory space is completely filled.,,,,,,,,,,Inventory,"The inventory space is completely full, preventing additional item storage. ",780959188,,4
240393094.WEM,Warning: Sentinel Drones Activated,Multiple Sentinel drones activated and converging on your position.,Multiple Sentinel Drones Activated and converging on your position.,Sentinel drones have designated you as a valid target.,Sentinel drones are now active and heading your way.,Automated aggression has been triggered.,You’re about to be surrounded by unfriendlies.,Sentinels have marked you as a target. They’re coming for you.,You attracted the attention of hostile Sentinels. Perhaps you should consider avoiding Sentinel patrols.,,,Personal Combat,Multiple hostile drones are converging on your position.,240393094,Yes,5
884631197.WEM,Weapon Charge Depleted,"Your weapon is out of ammo, reload it to continue wasting ammo.","Your weapon is out of ammo, reload it to continue randomly shooting.","Your Weapon is out of ammo, there is nothing left in the ammo clip.","Your Weapon is out of ammo, the ammo fairy has chosen to not visit you.","Your Weapon is out of ammo, keep clicking the trigger to see what happens.","Your Weapon is out of ammo, you need to reload. immediately.","Your Weapon is out of ammo, maybe consider actually hitting something next time you fire it.","Your Weapon is out of ammo, you were probably wasting shots anyway.",,,Personal Combat,"Your weapon has zero ammo left, the weapon needs recharging or reloading.",884631197,Yes,8,
386328035.WEM,Hostile Scan Detected,An active scanning frequency has been detected and your position is being relayed to an unknown recipient.,A previously unknown scanning frequency has been detected and your suit database is being accessed by a hostile source.,You are being scanned by a hostile source. You could always be a pansy and call for help.,"You are being scanned by a hostile source. If you only had a voice, you could try communicating.",You are being scanned by a hostile source. You may want to consider fleeing.,You are being scanned by a hostile source. Today's suggestion is to prepare for combat.,,,,,Personal Combat,"A hostile source is scanning you to lock you as a target. This is a threat in progress, Urgency required.",386328035,Yes,5
396681446.wem,Nearby toxins detected,"Corrosive toxins are attacking your suit integrity, filters are damaged.",,,,,,,,,,Environmental Status,Environmental toxins are damaging your suit's protective filters.,396681446,Yes,4
976899439.WEM,Extreme Night Temperature Detected,Extreme night cold temperature detected.,,,,,,,,,,Environmental Status,"Extreme cold temperatures during the night cycle are detected, posing a threat to life support and your safety. ",976899439,Yes,5
160765928.wem,Civilian freighter destroyed,"A civilian freighter you were assigned to protect has been destroyed, you failed to save them, their cries for help will haunt your sleep.",,,,,,,,,,Freighter Combat,A civilian freighter you were assigned to protect was lost and there are no survivors.,160765928,Yes,3
711767177.wem,Warning: civilian shields depleted,"The civilian freighter you are assigned to protect is in serious danger, their defenses have been compromised.",,,,,,,,,,Freighter Combat,A civilian freighter under your protection is at risk of immediate destruction.,711767177,,4
954591441.wem,Pirate engines neutralized,"Pirate engines have been destroyed, the vessel is crippled.",,,,,,,,,,Freighter Combat,"The engines of a pirate ship have been disabled, leaving it unable to maneuver.",954591441,Yes,4
383184645.WEM,Inventory Full,Your inventory space is completely filled.,,,,,,,,,,Inventory,"The inventory space is completely full, preventing additional item storage. ",383184645,,4
1023688906.WEM,Collectible Received,A collectible item intended for personal decoration has been placed in your inventory.,,,,,,,,,,Inventory,A collectible item intended for personal decoration has been added to your inventory.,1023688906,,5
126319994.WEM,Secure Transmission Module Located,A secure transmission module has been located and data is being downloaded to your navigational computer.,,,,,,,,,,Navigation,A communications module has been found and its data is being downloaded to your navigation system.,126319994,Yes,3
236472322.WEM,Warning: Sentinel Combat Unit Deployed,You have attracted the attention of a Sentinel combat unit.,,,,,,,,,,Personal Combat,An advanced Sentinel enemy unit is being deployed due to your actions.,236472322,Yes,5
583871976.WEM,Warning: Threat Detected,A minor threat has been detected.,,,,,,,,,,Personal Combat,There is a nearby low-level danger or enemy presence.,583871976,,4
623058381.WEM,Shield Down,"Your Shield is offline, power reserves have been drained.",,,,,,,,,,Personal Combat,Shield functionality has ceased due to lack of power.,623058381,,3
330757140.WEM,Hostile Ships Defeated,"Amazingly, you survived that encounter. Did you even try to avoid being hit by enemy weapons?",,,,,,,,,,Starship Combat,"You survived a hostile encounter, but may have taken unneccesary damage or missed evading attacks. ",330757140,Yes,10
968718536.WEM,Hostile Ships Approaching,Hostile starships are on apporach to your position and their weapons are armed.,,,,,,,,,,Starship Combat,"Hostile starships have been detected approaching your position, their weapons are armed and ready.",968718536,,8
223423849.WEM,Discovery Uploaded,Your discovery has been uploaded to the Surveyor's Guild Database.,,,,,,,,,,Discovery,"Your discovery data has been transmitted and recorded in the Surveyor’s Guild Database, a registry for explorers.",223423849,,2
263752892.WEM,Home Planet Claimed,A planet has been claimed by you as a new home.,,,,,,,,,,Discovery,You have officially claimed a planet as a new home base.,263752892,Yes,2
497090550.WEM,Discovery Uploaded,Your discovery has been uploaded the the galactic network and compensation for your efforts has been provided to you.,,,,,,,,,,Discovery,"Your discovery has been uploaded to the galactic network, and a reward for the discovery has been processed.",497090550,,2
682556976.WEM,New Planet Analyzed,You have analyzed a new planet and recorded the data to your personal archives.,,,,,,,,,,Discovery,A new planet has been analyzed and the data recorded in your personal archives.,682556976,Yes,2
685057897.WEM,Discovery Uploaded,Your discovery has been uploaded for peer review.,,,,,,,,,,Discovery,A recently uploaded discovery is now pending peer review by the galactic scientific community.,685057897,,2
760990899.WEM,Home Planet Established,A new home planet has been surveyed and established by you.,,,,,,,,,,Discovery,A new planet has been successfully surveyed and established as your home.,760990899,Yes,2
990719346.WEM,New System Discovered,A new stellar system has been discovered by you.,,,,,,,,,,Discovery,You have successfully discovered a previously uncharted star system.,990719346,,2
1010781808.WEM,Discovery Uploaded,Your discovery has been uploaded to the galactic survey network for others to view.,,,,,,,,,,Discovery,"A new discovery made by you has been successfully uploaded to the official galactic survey network, allowing others across the galaxy to access and review the data.",1010781808,,2
28697689.WEM,Radiation Damage Detected,You have taken radiation damage.,,,,,,,,,,Environmental Status,You have been exposed to dangerous radiation levels that may severely impact your long term health.,28697689,,7
29330265.WEM,Extreme Water Temperature Detected,Extreme cold water environment detected.,,,,,,,,,,Environmental Status,You are exposed to extremely cold water while immersed. Review the visual heads up display for details.,29330265,Yes,2
50465612.WEM,Extreme Subterranean Toxicity Detected,Extreme subterranean toxicity detected,,,,,,,,,,Environmental Status,"Concentrated Toxic substances are detected while you are underground, capable of breaching safe thresholds.",50465612,Yes,2
76438123.WEM,Extreme Cold: Critical,Extreme cold conditions are present and may cause a serious drain on life support resources.,,,,,,,,,,Environmental Status,"The environment’s extreme cold is critically impacting you, potentially depleting life support resources rapidly.",76438123,Yes,2
124237937.WEM,Extreme Night Radiation Detected,Extreme night radiation detected.,,,,,,,,,,Environmental Status,"Detection systems have registered extreme radiation levels during the night cycle, posing severe risk to you.",124237937,Yes,8
152151960.WEM,Extreme Temperature Detected,Extreme temperature detected.,,,,,,,,,,Environmental Status,"Environment temperature is detected at extreme levels, posing risk to you and your equipment. Review the visual heads up display for details.",152151960,Yes,2
208814791.WEM,Extreme Water Toxicity Detected,Extreme water toxicity environment detected.,,,,,,,,,,Environmental Status,Water toxicity levels detected in the environment have reached extreme danger thresholds while immersed.,208814791,Yes,2
213575654.WEM,Extreme Subterranean Temperature Detected,Extreme subterranean temperature detected.,,,,,,,,,,Environmental Status,"Sensorss have registered extremely high or low temperatures deep underground. At this time, the sensors cannot determine if the extremes are hor or cold, or there may be pockets of both. These temperatures are outside safe operating limits and may impact equipment or your safety. Review the visual heads up display for details.",213575654,Yes,2
351875919.WEM,Delve Limit Reached,It is impossible for your portable mining tools to dig any deeper due to gravitational pressure.,,,,,,,,,,Environmental Status, Portable mining equipment has reached a physical limit imposed by gravitational forces. Further excavation is impossible due to environmental constraints.,351875919,Yes,2
489352730.WEM,Extreme Water Temperature Detected,Extreme hot water environment detected.,,,,,,,,,,Environmental Status,You are exposed to extremely hot water while immersed. Review the visual heads up display for details.,489352730,Yes,2
490165063.WEM,Extreme Night Toxicity Detected,Extreme night toxicity detected.,,,,,,,,,,Environmental Status,"Extremely toxic environmental conditions have been detected during the night cycle, posing significant danger. ",490165063,Yes,2
570428671.WEM,Extreme Temperature Detected,Extreme temperature detected.,,,,,,,,,,Environmental Status,Sensors confirm dangerously high or low temperature extremes in the immediate environment. Review the visual heads up display for details.,570428671,Yes,3
653680659.WEM,Extreme Subterranean Temperature Detected,Extreme subterranean temperature detected,,,,,,,,,,Environmental Status,Sensors indicate dangerous temperature levels while exploring below the surface. There are hazardous subterranean temperature conditions that could compromise the suit.,653680659,Yes,2
675954230.WEM,Extreme Toxicity Detected,Extreme toxicity detected.,,,,,,,,,,Environmental Status,"Toxic environmental conditions have reached extreme, hazardous levels, requiring immediate protective action by you to avoid damage or poisoning.",675954230,Yes,2
696022064.WEM,Extreme Radiation Detected,Extreme radiation detected.,,,,,,,,,,Environmental Status,"Extremely high levels of radiation are detected in the current environment, requiring immediate protective measures.",696022064,Yes,15
733521599.WEM,Extreme Night Temperature Detected,Extreme night heat temperature detected.,,,,,,,,,,Environmental Status,"Extreme night-time heat levels have been detected, which may threaten suit integrity and your safety. ",733521599,Yes,2
824368356.WEM,Extreme Subterranean Radiation Detected,Extreme subterranean radiation detected.,,,,,,,,,,Environmental Status,"Extremely high subterranean radiation levels have been detected, posing severe risk to you and your and suit integrity.",824368356,Yes,2
863051935.WEM,Extreme Hazard Planet,The current planet exhibits various extreme hazards that may overwhelm your suit's protective capabilities.,,,,,,,,,,Environmental Status,The planet currently being explored presents multiple unstated extreme hazards including environmental and possibly hostile forces that may overwhelm the suit’s protective measures. ,863051935,Yes,2
899453751.WEM,Radiation Leak Detected,Intense radiation leak detected in the vicinity.,,,,,,,,,,Environmental Status,"A nearby source of intense radiation is leaking into the environment, posing a threat.",899453751,Yes,2
951631813.WEM,Temperature Levels Stabilizing,External temperature is stabilizing to optimal comfort levels.,,,,,,,,,,Environmental Status,Thermal conditions outside the suit are returning to normal operating range.,951631813,Yes,5
43830316.WEM,Technology Repaired,A nontrivial malfunction has been corrected in a technology module.,,,,,,,,,,Equipment Status,Confirmation that repairs have been completed on a damaged piece of installed equipment.,43830316,Yes,6
117536789.WEM,Additional Resources Required,Obtain more construction resources to build this item.,,,,,,,,,,Equipment Status,Youu need to gather additional construction resources to build the desired item.,117536789,,2
260557941.wem,Backup generators online,Backup generators are now in use.,,,,,,,,,,Equipment Status,Backup power is active with limited fuel supply.,260557941,Yes,2
299876357.WEM,Freighter Acquired,Your newly acquired freighter appears to be an unmaintained hunk of junk.,,,,,,,,,,Equipment Status,"A newly acquired freighter is in poor condition, requiring maintenance and repair.",299876357,Yes,2
315361790.WEM,Multi-Tool Charge Depleted,Please monitor the power level display to prevent energy cell depletion and multitool shutdown.,,,,,,,,,,Equipment Status,Multi-tool power is completely depleted. you are advised to monitor power levels while in use to avoid shutdown during operation.,315361790,Yes,2
337859118.WEM,Base Computer Online,The computer for your new base is ready for use.,,,,,,,,,,Equipment Status,The computer for your new base is online and operational. The full build menu is now accessible.,337859118,Yes,2
353234571.WEM,New Weapon Available,A new weapon is available for you.,,,,,,,,,,Equipment Status,A previously unobtainable weapon has become available for acquisition.,353234571,Yes,2
370738335.wem,Emergency damage recovery system engaged,"Extensive damage to your property has occured, self repair attempts have begun.",,,,,,,,,,Equipment Status,Severe damage has been sustained and automated repair systems are now active.,370738335,Yes,2
425064686.WEM,Arial Propulsion Jet Pack Online,"The jetpack is ready for use, you may attempt to fly like a bird.",,,,,,,,,,Equipment Status,"The jetpack is fully operational and ready for use. The jetback is equipment worn by you, it is not a separate class of vehicle.",425064686,Yes,3
462791110.wem,"Welcome home, Commander","Welcome home, you deserve a rest.",,,,,,,,,,Equipment Status,"Greeting upon returning to a safe location, acknowledging your efforts.",462791110,Yes,2
474358890.WEM,New Freighter Acquired,You have acquired a new rust bucket junk freighter.,,,,,,,,,,Equipment Status,"You have acquired a new freighter in poor condition, it is in dire needd of maintenance.",474358890,Yes,2
487034870.WEM,Internal View Selected,Internal camera view selected.,,,,,,,,,,Equipment Status,You have switched to an internal camera view of your suit or vehicle.,487034870,Yes,2
496984207.WEM,Technology Offline,A technology module has been disabled.,,,,,,,,,,Equipment Status,A component of the suit or equipment has been damaged and is now offline.,496984207,,2
531979220.WEM,Fuel Required,"Fuel levels are below required threshold, provide more fuel.",,,,,,,,,,Equipment Status,Fuel levels are below operational thresholds and must be replenished to continue normal function.,531979220,,2
548071497.WEM,Vehicle Deployed,Your vehicle has been deployed to your location.,,,,,,,,,,Equipment Status,Your selected exocraft has been successfully deployed to your current location.,548071497,Yes,2
579975330.WEM,Vehicle Damage Sustained,"Moderate vehicle damage has been sustained, perhaps consider retaking your driver's examination.",,,,,,,,,,Equipment Status,Your exocraft has taken medium damage from physical impacts or hostile weapons.,579975330,Yes,2
589305615.WEM,Shield Kinetic System Online,Shield kinetic system online.,,,,,,,,,,Equipment Status,You are now fully conscious. The suit’s kinetic shield subsystem has been activated.,589305615,Yes,3
634281443.WEM,Commencing Atlas System Suit Initialization,Your atlas suit computer is initializing and running a self diagnostic.,,,,,,,,,,Equipment Status,You are exiting a state of unconsciousness. The Atlas Suit and AI companion are initializing and running self-diagnostic processes. ,634281443,Yes,3
639001585.WEM,Suit Power Cells Depleted,"Suit power cells depleted, they must be recharged.",,,,,,,,,,Equipment Status,"The suit has exhausted its power reserves, rendering most functions inactive until recharged.",639001585,Yes,2
670654758.WEM,Vehicle Acquired,A new vehicle has been acquired by you.,,,,,,,,,,Equipment Status,A new exocraft or starship has been added to your usable selection.,670654758,Yes,2
682649339.WEM,New Vehicle Acquired,A new vehicle has been acquired by you.,,,,,,,,,,Equipment Status,A new exocraft has been added to your accessible assets.,682649339,Yes,2
729203380.WEM,Vehicle Mobilized,Your vehicle has been mobilized at your location.,,,,,,,,,,Equipment Status,An exocraft is ready for use at your location.,729203380,Yes,2
740830728.WEM,Refuel Vehicle,The vehicle is low on fuel and needs to be refueled or recharged immediately.,,,,,,,,,,Equipment Status,The exocraft is critically low on fuel and requires immediate refueling or recharging.,740830728,Yes,2
757274367.WEM,Technology Installed,Technology has been installed.,,,,,,,,,,Equipment Status,A new technology module has been successfully installed into your equipment.,757274367,,4
770752691.WEM,Scanner Damaged Repair Required,"The multi tool scanner has been damaged, repairs are required before attempting to use it again.",,,,,,,,,,Equipment Status,Scanner system inoperable; you must initiate repairs to restore functionality.,770752691,Yes,2
781458145.WEM,Equipment Damaged,"Your equipment seriously damaged, some functions are impaired or offline.",,,,,,,,,,Equipment Status,"Your equipment has sustained significant damage, causing some systems or functions to be impaired or offline. Repairs or recalibration are required.",781458145,Yes,2
891464212.WEM,Fuel Depleted,Your vehicle fuel reserves are completely depleted.,,,,,,,,,,Equipment Status,"Exocraft fuel reserves are fully depleted, disabling vehicle operation. ",891464212,Yes,2
911633476.WEM,your Initialization Sequence Complete,User initialization sequence cComplete.,,,,,,,,,,Equipment Status,Startup routine completed; your interface and systems are now online.,911633476,Yes,3
929033162.WEM,Device Critically Damaged,"Your equipped tool has taken a critical amount of damage, one or more components need repair.",,,,,,,,,,Equipment Status,"One or more critical components of the currently equipped tool are severely damaged, impairing its function. Repair or replacement is required to restore full operation.",929033162,Yes,2
934987809.WEM,No Active Technology in Multi Tool,"The current multitool is useless, Install functional modules or repair damaged components if you wish to use it.",,,,,,,,,,Equipment Status,Your multitool has no active modules or usable systems. There is a total lack of function.,934987809,Yes,2
935180311.WEM,New Ship Now Available,"A new ship has become available for you to acquire, should you wish to accept it.",,,,,,,,,,Equipment Status,A previously unobtainable ship is available for acquisition.,935180311,Yes,2
974964870.WEM,Damage Sustained To Vehicle,"Your vehicle has taken light to moderate damage, the safety harness has been engaged.",,,,,,,,,,Equipment Status,Your exocraft has sustained light to moderate damage and the safety harness has engaged as a protective response.,974964870,Yes,2
1006934470.WEM,Multi Tool And Mining Laser Attachment Operational,"Your multi tool is operational, as is the mining laser attachment.",,,,,,,,,,Equipment Status,Your multi-tool and mining laser attachment are fully operational and ready for use.,1006934470,Yes,3
1037434146.WEM,External View Selected,External camera view Selected.,,,,,,,,,,Equipment Status,"You have switched to an external camera view, offering a perspective outside of the suit or exocraft.",1037434146,Yes,2
1038991804.WEM,New Technology Discovered,New technology has been discovered and added to your database.,,,,,,,,,,Equipment Status,you have discovered a new piece of technology. Blueprint scans are added to your personal database and may be accessed at any time for review.,1038991804,,2
1045889204.WEM,Vehicle Summoned,Your vehicle has been airdropped to this location.,,,,,,,,,,Equipment Status,An exocraft has been summoned and delivered to you via orbital drop.,1045889204,Yes,2
4494640.WEM,Missile Neutralized,A missile has been neutralized.,,,,,,,,,,Freighter Combat,A missile was fired from a hostile ship at a civilian freighter under your protection. The missile is now disabled and no longer poses a threat to you or your allies.,4494640,,2
45779246.WEM,Incoming Missile Neutralized,A hostile missile has been neutralized.,,,,,,,,,,Freighter Combat,A hostile missile threat has been neutralized and no longer poses danger to you or other friendly forces.,45779246,,2
48466939.WEM,Freighter Warp Initiated,A hostile capital ship has initiated warp and is attempting to escape.,,,,,,,,,,Freighter Combat,An attacking freighter has engaged warp engines and is attempting to flee.,48466939,Yes,2
80959229.WEM,Missile Locked,The hostile missile has locked on to a target.,,,,,,,,,,Freighter Combat,"A missile launched from a hostile ship is locked on to a civilian freighter under your protection, posing an imminent threat.",80959229,,2
167092968.WEM,Incoming Missiles Destroyed,All incoming hostile missiles have been destroyed.,,,,,,,,,,Freighter Combat,All incoming hostile missiles targeting you or allies have been destroyed. Confirmed total missile defense success.,167092968,,2
241169623.WEM,Missiles Destroyed,All incoming hostile missiles have been destroyed.,,,,,,,,,,Freighter Combat,"All incoming hostile missiles have been destroyed, removing the missile threat to you and allied forces.",241169623,,2
278919221.wem,Hyperdrive damage is critical,"Damage to the hyperdrive is extensive, attempting a jump will result in unpleasant terminal consequences.",,,,,,,,,,Freighter Combat,A freighter ship is attempting a hyperspace jump and will likely encounter catastrophic failure due to a critically damaged hyperdrive.,278919221,Yes,2
311554138.WEM,Warping,"Jumping to hyperspace, fasten your seatbelts and confirm your space-sickness bag is ready.",,,,,,,,,,Freighter Combat,"A warp jump is underway, prepare for space travel discomfort.",311554138,Yes,2
389592073.WEM,Incoming Missiles Neutralized,All incoming hostile missiles have been neutralized.,,,,,,,,,,Freighter Combat,All incoming missile from hostile ships aimed at your allies and civilian freighters have been neutralized.,389592073,,2
449779025.WEM,Incoming Missile Destroyed,The hostile incoming missile has been destroyed.,,,,,,,,,,Freighter Combat,A missile from a hostile ship aimed at a civilian freighter under your protection has been successfully destroyed before impact.,449779025,,2
459254064.WEM,Missile Inbound: Impact Imminent,"Hostile missile inbound, civilian freighter impact imminent.",,,,,,,,,,Freighter Combat,A hostile missile is inbound with impact imminent on a civilian freighter under your protection.,459254064,,2
565386800.WEM,Jump Engaged,"Jump engines engaged, transition to Hyperspace is imminent.",,,,,,,,,,Freighter Combat,"A hostile capital freighter has engaged it's Jump drive, and hyperspace transition is imminent.",565386800,Yes,2
597203928.WEM,Warp Engaged,"Warp drives powering up, prepare for jump to hyperspace.",,,,,,,,,,Freighter Combat,A hostile capital freigher's warp system is activating and a jump is imminent.,597203928,Yes,2
672799524.WEM,Missiles Neutralized,All Incoming hostile missiles have been neutralized.,,,,,,,,,,Freighter Combat,All missiles launched from hostile ships aimed at civilian freighters and allied fores under your protection have been neutralized.,672799524,,2
695050944.WEM,Missile Destroyed,The hostile incoming missile has been destroyed.,,,,,,,,,,Freighter Combat,A missile from a hostile ship aimed at a civilian freighter under your protection has been destroyed.,695050944,,2
756031301.WEM,Incoming Missile,"Civilian freighter distress signal, incoming missile.",,,,,,,,,,Freighter Combat,A civilian freighter is emitting a distress signal due to an incoming pirate attack. The freighter is asking for your assistance.,756031301,,2
776652442.WEM,Enemy Missile Incoming,"Civilian freighter is in imminint danger of enemy missile impact, ",,,,,,,,,,Freighter Combat,A civilian freighter under your protection is imminently threatened by an enemy missile launch.,776652442,,2
972765308.WEM,Missile Locked And Ready,"Hostile missile locked, civilian freighter targeted.",,,,,,,,,,Freighter Combat,A hostile missile has locked onto a civilian target. The targeted freighter is under your protection.,972765308,,2
159011641.WEM,Transferred,Something has been transferred from one inventory space to another.,,,,,,,,,,Inventory,An inventory item has been moved from slot or container to another slot or container.,159011641,,2
200893742.WEM,No Free Slots In Ship Inventory,You have no physical space available to store more items in your ship cargo holds.,,,,,,,,,,Inventory,The ship's inventory is full. No additional items can be stored until space is cleared.,200893742,,2
303147008.WEM,Units Depleted,Cash reserves have been depleted. Your account is now empty.,,,,,,,,,,Inventory,You have no money. Your Currency balance has dropped to zero; further purchases can not be made until you bring your balance above zero.,303147008,,2
431813574.WEM,Inventory Contents Transferred,Your selected inventory contents have been transferred to a new storage location.,,,,,,,,,,Inventory,Selected inventory contents have been moved to a new storage location or compartment. ,431813574,,2
665195778.WEM,New Inventory Slots Available,"New inventory slots have been installed for your suit, this means you have more pockets!",,,,,,,,,,Inventory,"Additional inventory slots have been installed in your suit, increasing carrying capacity.",665195778,Yes,2
682086836.WEM,Item Received,You have recieved an item.,,,,,,,,,,Inventory,"You have received an item, which is now added to your inventory.",682086836,,2
750398819.WEM,Product Transferred,A product has been transferred from one of your inventory spaces to a different inventory space.,,,,,,,,,,Inventory,An item has been moved from one inventory container to another.,750398819,,2
769144390.WEM,Insufficient Resources,You are attempting an action that requires a minimum accumulation of specified resources.,,,,,,,,,,Inventory,you have attempted an action requiring resources you do not currently possess in sufficient quantity.,769144390,,2
911201958.WEM,Insufficient Units,You do not have enough monetary units to make this purchase.,,,,,,,,,,Inventory,your monetary units are insufficient to complete a purchase.,911201958,,2
925087453.WEM,Element Resources Successfully Transferred To Ship Inventory,Selected resources have been transferred to the ship cargo hold.,,,,,,,,,,Inventory,Selected resources have been successfully transferred to the ship’s cargo hold.,925087453,,2
969545875.WEM,Element Resources Successfully Transferred,Your selected inventory items have been transferred to alternate inventory storage.,,,,,,,,,,Inventory,Selected inventory items have been successfully transferred to an alternate unspecified storage space.,969545875,,2
985789170.WEM,Product Constructed,"A product has been constructed, you may use it or sell it as needed.",,,,,,,,,,Inventory,"You have successfully fabricated a product, it is now stored in your inventory.",985789170,,20
243520476.WEM,Orbital Station Coordinates Received,Your navigation computer has received new Orbital Station Coordinates.,,,,,,,,,,Navigation,New coordinates for a previously unvisited orbital station have been uploaded to your navigation system.,243520476,Yes,2
288672024.WEM,Distress Signal Detected,"Another entity's distress beacon signal has been traced to the origin, coordinates are added to your navigation computer. ",,,,,,,,,,Navigation,Your navigation computer has detected and traced a distress signal from another entity. Coordinates of the signal’s origin have been added to navigation systems for potential response.,288672024,Yes,2
334124591.WEM,Base Out Of Range,"You have travelled beyond the limits of the legally claimed region of your base, build options will be limited.",,,,,,,,,,Navigation,"You have traveled outside the legally claimed region boundaries of your base. This limits building options in the current area. Outside the base, there are a only a handful of small portble items availabe to be constructed and placed.",334124591,Yes,2
436192208.WEM,Starship Signal Detected,"A starship has been detected, coordinates have been added to your navigation database.",,,,,,,,,,Navigation,"A signal has been detected that may be of interest to you, it appears to match a standard starship distress frequency. Navigation coordinates are marked should you wish to investigate.",436192208,Yes,3
545382948.WEM,Sigil Trait Module Located,"A module for sigil traits has been located, stand by for details.",,,,,,,,,,Navigation,"A rare upgrade module relevant to Sigil Traits has been found, it awaits your interaction.",545382948,Yes,2
705081998.wem,Anomoly detected,An anomoly has been detected that may be worth investigation.,,,,,,,,,,Navigation,There is an unusual phenomenon detected nearby that may be worth exploring.,705081998,Yes,2
906001973.WEM,Jumping,"Hyperspace jump is underway, perceptual distortion effects can be mitigated by adequate hydration.",,,,,,,,,,Navigation,The hyperspace jump is currently underway. Unpleasant physical sensations such as dizziness or nausea as a result of visual or sensory distortions is absolutely normal.,906001973,Yes,2
906332741.WEM,Alert: Navigational Data Received,New data has been recieved and stored in your navigation database.,,,,,,,,,,Navigation,New navigational data has been received and stored in the navigation database.,906332741,,8
965460983.WEM,Out Of Range: Return To Base,"You are out of range of your base, some actions will not be possible until you return.",,,,,,,,,,Navigation,You have moved outside of your base's functional area. Certain construction opportunities are disabled outside the base boundary.,965460983,Yes,2
64910055.WEM,Warning,"Your check engine light is on, which is odd, because biological entities do not have engines.",,,,,,,,,,Notification,You are acting irrationally or unsustainably.,64910055,Yes,2
178898599.WEM,Warning,You should strongly reconsider your decisions.,,,,,,,,,,Notification,"You may want to rethink recent choices, negative consequences may follow if you insist on continuing with your current actions.",178898599,,2
205192151.WEM,Warning,This course of action is ill-advised.,,,,,,,,,,Notification,Your actions are not recommended and may be dangerous or inefficient.,205192151,,2
225625917.WEM,Objective Complete,"Well done, your objective has been completed, you deserve a cookie!",,,,,,,,,,Notification,A mission or assigned task has been successfully completed. A self administered food reward would be appropriate.,225625917,,2
284071635.WEM,New Assistant Acquired,A new recruit has joined your journey and you no longer qualify for the solo XP bonus.,,,,,,,,,,Notification,A new recruit has joined your journey.,284071635,Yes,2
328948003.WEM,Warning,Failure to reconsider the decisions leading up to this point could result in a non-optimal outcome regarding your health and wellbeing.,,,,,,,,,,Notification,Continued poor decision making could lead to your harm or disadvantage.,328948003,,2
582370014.WEM,Assistant Recruited,A new recruit has arrived to assist you on your journey.,,,,,,,,,,Notification,A new recruit has joined your journey to provide support. Avoid personal pronouns.,582370014,Yes,2
599588736.WEM,Warning,Persisting in current actions may result in a system bounty placed on your identity.,,,,,,,,,,Notification,Your actions may attract unwelcome attention from local authorities.,599588736,,2
811360087.WEM,New Assistant Recruited,A new recruit has arrived and will immediately undertake unpleasant duties.,,,,,,,,,,Notification,A new intern has been recruited and will immediately be directed to take on unpleasant duties.,811360087,Yes,2
1003218333.WEM,Warning,Unspecified warning has been triggered.,,,,,,,,,,Notification,A non-specific alert has been activated.,1003218333,,2
1015651622.WEM,Warning,Continung this course of action will likely be counterproductive.,,,,,,,,,,Notification,Your current behavior may hinder progress or cause problems.,1015651622,,2
228408571.WEM,Warning,A tactical retreat is advised.,,,,,,,,,,Notification,Consider disengaging and retreating from the current situation for safety or strategic advantage.,228408571,,2
72116738.wem,Sentinels Arrived,Hostile Sentinels have arrived at your location.,,,,,,,,,,Personal Combat,Sentinel enemy units have reached the current location and are preparing to attack you.,72116738,Yes,2
78601477.WEM,Warning: Sentinel Walker Detected,"A hostile Sentinel walker has been dropped to your position, arrival imminent.",,,,,,,,,,Personal Combat,"A hostile large-scale heavily armed and armoured Sentinel unit is arriving, via being dropped from a ship in orbit.",78601477,Yes,4
90482995.WEM,Hostiles Approaching,"Hostile force is approaching, you are their target.",,,,,,,,,,Personal Combat,Hostile forces are approaching rapidly. Prepare for confrontation.,90482995,,2
486861530.WEM,Warning: Elite Sentinel Force,Unfriendly elite Sentinels are on the way.,,,,,,,,,,Personal Combat,A high-level hostile Sentinel unit is approaching.,486861530,Yes,4
540684729.wem,Sentinel force deactivated,The local sentinel network has been rendered inoperable.,,,,,,,,,,Personal Combat,Hostile Sentinel network in the area is temporarily no longer active or functioning.,540684729,Yes,2
673620140.WEM,Warning: Sentinels Engaged,Hostile sentinels have been engaged.,,,,,,,,,,Personal Combat,You are actively in combat with hostile Sentinel units.,673620140,Yes,4
27999850.WEM,Shield Protection Falling,Your shield is taking repeated damage.,,,,,,,,,,Personal Protection,"Your shield is actively being degraded by continuous damage while attepting to keep you from harm. While this is exactly what the sheild is designed to do, a sustained barrage such as this will cause it to fail completely and expose you to danger.",27999850,,2
28276028.WEM,Life Support Critical,"Life support power is critically low, suit and systems shutdown is imminent.",,,,,,,,,,Personal Protection,"Life support power has dropped to critical levels, risking imminent shutdown of suit systems and equipment functions. Complete failure greatly increases your likelihood of demise.",28276028,Yes,2
53870591.WEM,Radiation Protection Offline,Your suit can no longer protect against radiation.,,,,,,,,,,Personal Protection,"The suit's radiation shielding has completely failed, you are now unable to mitigates the effects of radiation exposure. ",53870591,Yes,2
54980060.WEM,Radiation Protection Falling,Your suit ability to prevent radiation damage is compromised.,,,,,,,,,,Personal Protection,"The suit’s radiation shielding is degrading, leaving you increasingly vulnerable.",54980060,Yes,17
56102735.WEM,Danger: Critical Hypothermia,"Extreme cold has overwhelmed your life support, onset of hypothermia has begun.",,,,,,,,,,Personal Protection,"Extreme cold conditions have overwhelmed your life support system, and hypothermia has begun, failure to address this may be fatal.",56102735,Yes,2
67834502.WEM,Shields Down,Your shields are down. Further damage taken will be life threatening.,,,,,,,,,,Personal Protection,Shields have failed entirely; you are vulnerable to health loss and system damage.,67834502,Yes,2
151182894.WEM,Toxic Protection Offline,"Toxic protection offline, it will take a long time for you to expire and it will be unpleasant the entire time it is happening.",,,,,,,,,,Personal Protection,Suit protection no longer blocks toxic exposure; severe and prolonged damage is expected.,151182894,Yes,2
258814940.WEM,Radiation Levels Critical,"You are accumulating radiation sickness symptoms at an alarming rate, failure to mitigate will result in fatal consequences.",,,,,,,,,,Personal Protection,"Radiation exposure has reached a critical threshold, continued exposure could prove fatal.",258814940,Yes,2
272020218.WEM,Shield Down,Your shield energy has depleted and caused a full shut-down.,,,,,,,,,,Personal Protection,Shield systems are offline due to complete energy depletion. Defensive capability is lost.,272020218,,2
306112359.WEM,Damage Sustained,Small to moderate damage has been inflicted on your body.,,,,,,,,,,Personal Protection,Your body has sustained small to moderate physical damage.,306112359,,2
335483997.WEM,Toxic Protection Stabilizing,"Toxic protection module is stabilizing, automatic filter purge underway.",,,,,,,,,,Personal Protection,Decontamination protocols activating; toxic shielding is regaining function.,335483997,Yes,4
394683190.WEM,Shield Down,"Your shield has been breached and taken offline, avoiding damage can typically prevent this from happening.",,,,,,,,,,Personal Protection,Your shield system has failed due to taking damage.,394683190,,2
468585602.WEM,Shield Down,"Your shield energy has been depleted, immediate energy cell recharge required.",,,,,,,,,,Personal Protection,Energy levels in the shield system are empty. Recharge is required.,468585602,,2
472945351.WEM,Radiation Protection Stabilizing,Your radiation protection ability is recovering.,,,,,,,,,,Personal Protection,The suit’s radiation protection is returning to normal operational levels. ,472945351,Yes,5
498474774.WEM,Toxicity Levels Critical,"Suit breach, Toxic levels rising, fatal exposure imminent.",,,,,,,,,,Personal Protection,Toxic contamination has reached near-fatal levels; immediate safety action required.,498474774,Yes,2
512212065.WEM,Oxygen Levels Critical,Oxygen levels are critically low and your face is turning an alarming shade of blue.,,,,,,,,,,Personal Protection,"Your oxygen supply is nearly depleted, with a corresponding immediate risk of suffocation. ",512212065,Yes,2
543874217.WEM,Danger: Heat Levels Critical,"Critical heat levels have bypassed your protections, high temperature levels are life-threatening.",,,,,,,,,,Personal Protection,"Critical heat levels have bypassed your protective systems, resulting in life-threatening high temperatures.",543874217,Yes,2
580370729.WEM,Extreme Heat Damage Detected,"Extreme heat damage detected, failure to mitigate high temperatures may result in your becoming a crispy critter.",,,,,,,,,,Personal Protection,"Extreme heat damage has been detected; failure to mitigate this will cause severe harm to you, possibly fatal. ",580370729,Yes,2
647699088.WEM,Extreme Heat: Critical,You are failing to mitigate extreme heat conditions and continued exposure will result in total carbonization.,,,,,,,,,,Personal Protection,You are currently unable to cope with critical heat conditions. Continued exposure will result in total failure or destruction of the suit and your physical self.,647699088,Yes,2
691940593.WEM,Shield Protection Stabilizing,"Your sheild has stopped taking damage, your suit systems are stabilizing, self repair systems engaged.",,,,,,,,,,Personal Protection,Suit systems recovering from recent damage; shield stabilization underway; safety state re-established.,691940593,Yes,2
768295468.WEM,Danger: Low Oxygen Levels,The suit is nearly out of breathable oxygen.,,,,,,,,,,Personal Protection,Your suit is nearly depleted of breathable oxygen.,768295468,Yes,2
781094525.WEM,Danger: Shield Compromisedfemale voicefemale voicefemale voice,The suit kinetic protection field has failed and will no longer mitigate physical injury.,,,,,,,,,,Personal Protection,The suit’s kinetic protection field has failed and can no longer mitigate physical injury.,781094525,Yes,2
797567920.WEM,Toxic Protection Falling,The suit ability to prevent toxic damage has been compromised.,,,,,,,,,,Personal Protection,Toxic shielding is weakening; damage from environmental poisons will increase.,797567920,,13
808789373.WEM,Life Support Systems Activated,"Life Support Systems Active, your bio-signature is registered, may you have better luck with this suit than the previous user.",,,,,,,,,,Personal Protection,Life support systems have activated and registered your bio-signature. ,808789373,Yes,3
825969836.WEM,Life Support Power Low,"Life support power has significantly depleted, failure to mitigate may result in your shutdown sequence.",,,,,,,,,,Personal Protection,Life support power is significantly depleted. Failure to take corrective action will result in your death.,825969836,Yes,2
865668553.wem,Life support level falling,"Life support failing, recharge immediately to avoid fatal consequences.",,,,,,,,,,Personal Protection,Life support power is dangerously low and must be restored to prevent death.,865668553,YesNo,2
871932351.WEM,Shield Down,"Critical damage has been sustained by your shields, protective capabilites are reduced to zero.",,,,,,,,,,Personal Protection,Critical incoming damage has destroyed all shield integrity.,871932351,,2
899320928.WEM,Thermal Protection Offline,Thermal protection is no longer functional and you will be subjected to unpleasant extreme temperature effects.,,,,,,,,,,Personal Protection,Thermal defense has failed; further exposure to extreme environmental temperatures will affect your health.,899320928,Yes,2
943635243.WEM,Critical Damage Taken,Massive non-trivial damage has been inflicted on your body.,,,,,,,,,,Personal Protection,Significant physical damage has been inflicted on your body.,943635243,Yes,3
957514183.WEM,Danger: Radiation Breach,Shielding against radiation has overloaded and failed. Irreperable chromosonal damage is a possibility.,,,,,,,,,,Personal Protection,"Radiation shielding has overloaded and failed, risking irreparable biological damage. ",957514183,Yes,2
968836370.WEM,Extreme Cold Damage Detected,You are taking serious damage from extreme cold.,,,,,,,,,,Personal Protection,You are sustaining serious damage due to exposure to extreme cold conditions. ,968836370,Yes,2
973658086.WEM,Danger: Toxic Rain Breach,Life-threatening toxic elements have entered the suit.,,,,,,,,,,Personal Protection,"Life-threatening toxic substances have breached the suit’s protective barriers, posing immediate danger to your health. The suit’s systems are actively attempting to contain this toxic exposure.",973658086,Yes,2
1061736374.WEM,Life Support Offline,"Life support power is now offline, suit and systems are shutting down, your shutdown will proceed momentarily.",,,,,,,,,,Personal Protection,"Life support systems are now offline, and suit systems are shutting down. Regaining consciousness will be very unlikely.",1061736374,Yes,2
1063828486.WEM,Toxic Damage Detected,"Toxic Damage Detected, likelyhood of nausea increasing.",,,,,,,,,,Personal Protection,Environmental toxins detected; exposure may cause physical side effects.,1063828486,Yes,2
28199458.WEM,Hostile System: Weapons Engaged,This star system is controlled by hostile forces. your spaceship has automatically enabled weapons in response.,,,,,,,,,,Starship Combat,"Hostile forces have already initiated combat with local defenses in the system prior to your arrival, and your starship has activated it's own weapons automatically.",28199458,Yes,2
49616634.wem,Engaging Attack Ships,Attacking ships have been automatically tagged by your combat computer.,,,,,,,,,,Starship Combat,Attacking starships have been marked as valid weapon targets for you by the combat computer.,49616634,Yes,2
162710077.wem,Sentinel Starships Inbound,Sentinel starships are on an intercept course to your position.,,,,,,,,,,Starship Combat,Hostile Sentinel starships are approaching to intercept you.,162710077,,2
205039265.WEM,New Bounty Available,There is a new bounty posted by the mercenaries guild.,,,,,,,,,,Starship Combat,A new bounty is available from the Mercenaries Guild to address a local threat.,205039265,Yes,2
310439562.WEM,Warning: Sentinel Interceptors Incoming,Sentinel air support forces are Incoming,,,,,,,,,,Starship Combat,Airborne Sentinel reinforcements are inbound to engage you.,310439562,Yes,2
472197709.WEM,Target Acquired,A target has been acquired by your weapon system.,,,,,,,,,,Starship Combat,A valid target is now being tracked by your starship combat computer.,472197709,,2
494454783.WEM,Pirate Ship At Large: Bounty Available,"A space-pirate ship is at large in this system, a bounty has been declared by the local mercenaries guild.",,,,,,,,,,Starship Combat,A hostile target is roaming this solar system and has an active bounty placed on it by local authorites.,494454783,Yes,2
510448383.WEM,Target Locked,Your weapons have locked on to your target.,,,,,,,,,,Starship Combat,Target lock established; weapons ready to fire with high accuracy.,510448383,,2
514543818.WEM,Pirate Spotted: Bounty Available,"Nearby pirate activity detected, signature matches that of a local posted bounty.",,,,,,,,,,Starship Combat,"Pirate activity has been detected near you, with a confirmed bounty match. ",514543818,Yes,2
594696652.wem,Sentinel ships in combat range,Sentinel ships are within your weapons range.,,,,,,,,,,Starship Combat,Hostile Sentinel ships are close enough to engage with weapons.,594696652,Yes,2
797446331.WEM,Hostile System: Engage Weapons,"This star system is under control of hostiles, prepare for immediate combat.",,,,,,,,,,Starship Combat,"The star system is under hostile control, and weapons systems must be engaged immediately as the occupiers have detected you and are already responding.",797446331,Yes,2
984473045.WEM,Warning: Hostile System,"This star system is under hostile control, occupiers are intolerant of trespassers.",,,,,,,,,,Starship Combat,You have entered a hostile-controlled star system where enemies will likely attack.,984473045,Yes,2
13628945.wem,Atmospheric interference,Planetary atmosphere is interfering with your Maneuver.,,,,,,,,,,Starship Movement,"A zero-gravity maneuver is being attempted, however you are within the limits of a planetary atmosphere. Safety protocols have been engaged to prevent widespread damage to the local environment, requiring repositioning beyond the planet's atmosphere before attempting again.",13628945,Yes,2
137307545.wem,Station Proximity,"You are too close to the space station, relocate immediately.",,,,,,,,,,Starship Movement,"Proximity to the space station is preventing certain starship functions, requiring immediate relocation before attempting again.",137307545,,2
197643865.WEM,Pulse Drive Engaged,"Pulse drive engaged, turbulence is expected.",,,,,,,,,,Starship Movement,Your ship has activated its pulse drive for rapid travel within the solar system.,197643865,Yes,2
294741566.wem,Local enemy disruption,"Hostile forces are using a pulse disrupter, you are limited to standard flight speeds.",,,,,,,,,,Starship Movement,"Enemy interference is disabling faster flight options, restricting your speed.",294741566,Yes,2
375834098.wem,Landing sequence initiated,Attempting to land the spaceship safely.,,,,,,,,,,Starship Movement,The landing procedure has started and the ship is descending for touchdown.,375834098,Yes,2
393574373.wem,Planetary interference,"You are too close to the planet, relocate before retrying the manouever.",,,,,,,,,,Starship Movement,You need to increase distance from the planet before attempting deep space maneuvers again due to atmospheric interference.,393574373,,2
422143449.WEM,Landing Area Not Clear,"Landing area not clear, try somewhere else.",,,,,,,,,,Starship Movement,The designated landing area is obstructed or unsafe for landing. you must find an alternative safe location.,422143449,Yes,2
469963216.WEM,Initiating Landing Sequence,Guidance computer is taking over for an automated landing sequence.,,,,,,,,,,Starship Movement,The guidance computer has assumed control to perform an automated landing sequence.,469963216,Yes,2
556538925.wem,Large ship proximity,"You are too close to a major gravitational source, Relocate to open space and try again.",,,,,,,,,,Starship Movement,Proximity to a large ship or gravity well is unsafe for the current starship action.,556538925,Yes,2
629992665.wem,Atmospheric interference,Atmospheric interference is preventing you from taking that action. Relocate to empty void and try again.,,,,,,,,,,Starship Movement,Atmospheric conditions are obstructing your attempted starship manouver.,629992665,Yes,2
769872372.wem,Large ship proximity,That action is triggereng the emergency stop protocol due to gravity well proximity.,,,,,,,,,,Starship Movement,The attempted action is prevented by proximity to a large ship's gravity well.,769872372,,2
824079454.wem,Space station proximity,"The laws of physics have denied your request, Relocate before making another attempt at that manouevre.",,,,,,,,,,Starship Movement,Physical constraints prevent your action due to being too close to a space station.,824079454,Yes,2
460766259.wem,*random autophage*,*random autophage*,,,,,,,,,,REFERENCE,"UNUSED AT THIS TIME, LEAVE WEM NUMBER BLANK",,,
487346738.wem,*random autophage*,*random autophage*,,,,,,,,,,REFERENCE,"UNUSED AT THIS TIME, LEAVE WEM NUMBER BLANK",,,
61285078.wem,*random autophage*,*random autophage*,,,,,,,,,,REFERENCE,"UNUSED AT THIS TIME, LEAVE WEM NUMBER BLANK",,,
836418899.wem,*random autophage*,*random autophage*,,,,,,,,,,REFERENCE,"UNUSED AT THIS TIME, LEAVE WEM NUMBER BLANK",,,
862236259.wem,*random autophage*,*random autophage*,,,,,,,,,,REFERENCE,"UNUSED AT THIS TIME, LEAVE WEM NUMBER BLANK",,,
946171572.wem,*random autophage*,*random autophage*,,,,,,,,,,REFERENCE,"UNUSED AT THIS TIME, LEAVE WEM NUMBER BLANK",,,
998327261.wem,*random autophage*,*random autophage*,,,,,,,,,,REFERENCE,"UNUSED AT THIS TIME, LEAVE WEM NUMBER BLANK",,,
752301356.WEM,*random autophage*,*random autophage*,,,,,,,,,,REFERENCE,"UNUSED AT THIS TIME, LEAVE WEM NUMBER BLANK",,,
